<component>
	<fileSets>
		<fileSet>
			<directory>./src/main/bin</directory>
			<outputDirectory>bin</outputDirectory>
			<includes>
				<include>**/*</include>
			</includes>
			<fileMode>0755</fileMode>
		</fileSet>
		<fileSet>
			<directory>./src/main/resources/webapp</directory>
			<outputDirectory>webapp</outputDirectory>
			<includes>
				<include>**/*</include>
			</includes>
		</fileSet>
	</fileSets>
	<files>
		<file>
			<source>./src/main/resources/logback.xml</source>
			<outputDirectory>conf</outputDirectory>
		</file>
		<file>
			<source>./src/main/resources/otter.properties</source>
			<outputDirectory>conf</outputDirectory>
		</file>
		<file>
			<source>./src/main/resources/jetty.xml</source>
			<outputDirectory>conf</outputDirectory>
		</file>
		<file>
			<source>../../lib/ojdbc6.jar</source>
			<outputDirectory>lib</outputDirectory>
		</file>
	</files>
	<dependencySets>
		<dependencySet>
			<outputDirectory>lib</outputDirectory>
		</dependencySet>
	</dependencySets>
</component>
