<assembly
	xsi:schemaLocation="http://maven.apache.org/plugins/maven-assembly-plugin/assembly/1.1.2 http://maven.apache.org/xsd/assembly-1.1.2.xsd"
	xmlns="http://maven.apache.org/plugins/maven-assembly-plugin/assembly/1.1.2"
	xmlns:xsi="http://www.w3.org/2001/XMLSchema-instance">
	<id>release</id>
	<formats>
		<format>tar.gz</format>
	</formats>
	<includeBaseDirectory>false</includeBaseDirectory>
	<componentDescriptors>
    <componentDescriptor>src/main/assembly/component.xml</componentDescriptor>
  </componentDescriptors>
</assembly>