<?xml version="1.0" encoding="UTF-8" ?>  
    <!DOCTYPE sqlMap PUBLIC "-//ibatis.apache.org//DTD SQL Map 2.0//EN"  
       "http://ibatis.apache.org/dtd/sql-map-2.dtd">

<sqlMap
	namespace="com.alibaba.otter.manager.biz.config.canal.dal.dataobject.CanalDO">
	<typeAlias alias="canal"
		type="com.alibaba.otter.manager.biz.config.canal.dal.dataobject.CanalDO" />

	<resultMap id="canalResult" class="canal">
		<result property="id" column="ID" />
		<result property="name" column="NAME" />
		<result property="description" column="DESCRIPTION" />
		<result property="parameters" column="PARAMETERS" />
		<result property="gmtCreate" column="GMT_CREATE" />
		<result property="gmtModified" column="GMT_MODIFIED" />
	</resultMap>

	<!-- all canal columns -->
	<sql id="allCanalColumns">ID,NAME,DESCRIPTION,PARAMETERS,GMT_CREATE,GMT_MODIFIED
	</sql>

	<update id="updateCanal" parameterClass="canal"><![CDATA[
		update CANAL
		set
		DESCRIPTION=#description#,
		PARAMETERS=#parameters#,
		GMT_MODIFIED=now()
		WHERE ID = #id#
	]]></update>

	<select id="checkCanalUnique" resultClass="Integer"
		parameterClass="canal">
		select count(*) from CANAL
		where CANAL.ID != #id#
		and
		CANAL.NAME = #name#
	</select>

	<insert id="insertCanal" parameterClass="canal">
		insert into CANAL
		(NAME, DESCRIPTION, PARAMETERS,GMT_CREATE,GMT_MODIFIED)
		SELECT
		#name#,#description#,#parameters#,now(),now()
		from dual
		WHERE not exists (select * from CANAL
		where CANAL.NAME = #name# );
		<selectKey keyProperty="id" resultClass="long">
			select
			last_insert_id()
		</selectKey>
	</insert>

	<delete id="deleteCanalById" parameterClass="long"><![CDATA[
    	delete from CANAL where ID = #value#
    ]]></delete>
    
    
    <select id="findCanalByName" parameterClass="string" resultClass="canal">
		select
		<include refid="allCanalColumns" />
		from CANAL
		where NAME = #name#
	</select>
  	
	<select id="listCanalByIds" resultMap="canalResult">
		select
		<include refid="allCanalColumns" />
		from CANAL where ID in
		<iterate open="(" close=")" conjunction=",">
			#[]#
		</iterate>
		ORDER BY ID DESC
	</select>
	
	<select id="getCanalCount" resultClass="Integer">
		select count(*) from CANAL 
		<dynamic prepend="where">
			<isNotEmpty property="searchKey">
				NAME like concat('%',replace(#searchKey#,'_','\_'),'%')
				or ID like concat('%',replace(#searchKey#,'_','\_'),'%')
				or PARAMETERS like concat('%',replace(#searchKey#,'_','\_'),'%')
			</isNotEmpty>
		</dynamic>
	</select>
	
	<select id="listCanals" resultMap="canalResult">
		select
		<include refid="allCanalColumns" />
		from CANAL
		<dynamic prepend="where">
			<isNotEmpty property="searchKey">
				NAME like concat('%',replace(#searchKey#,'_','\_'),'%')
				or ID like concat('%',replace(#searchKey#,'_','\_'),'%')
				or PARAMETERS like concat('%',replace(#searchKey#,'_','\_'),'%')
			</isNotEmpty>
		</dynamic>

		ORDER BY ID DESC

		<dynamic>
			<isNotEmpty property="offset">
				<isNotEmpty property="length">
					limit #offset#, #length#
				</isNotEmpty>
			</isNotEmpty>
		</dynamic>
	</select>

</sqlMap>  