<component>
	<fileSets>
		<fileSet>
			<directory>.</directory>
			<outputDirectory>/</outputDirectory>
			<includes>
				<include>README*</include>
			</includes>
		</fileSet>
		<fileSet>
			<directory>./src/main/bin</directory>
			<outputDirectory>bin</outputDirectory>
			<includes>
				<include>**/*</include>
			</includes>
			<fileMode>0755</fileMode>
		</fileSet>
		<!-- 
		<fileSet>
			<directory>./src/main/resources</directory>
			<outputDirectory>/conf</outputDirectory>
			<includes>
				<include>**/*</include>
			</includes>
		</fileSet>
		 -->
		<fileSet>
			<directory>target</directory>
			<outputDirectory>logs</outputDirectory>
			<excludes>
				<exclude>**/*</exclude>
			</excludes>
		</fileSet>
	</fileSets>
	<files>
		<file>
			<source>./src/main/resources/logback.xml</source>
			<outputDirectory>conf</outputDirectory>
		</file>
		<file>
			<source>./src/main/resources/otter.properties</source>
			<outputDirectory>conf</outputDirectory>
		</file>
		<file>
			<source>../../lib/ojdbc6.jar</source>
			<outputDirectory>lib</outputDirectory>
		</file>
	</files>
	<dependencySets>
		<dependencySet>
			<outputDirectory>lib</outputDirectory>
			<excludes>
				<exclude>junit:junit</exclude>
				<exclude>org.jtester:jtester</exclude>
			</excludes>
		</dependencySet>
	</dependencySets>
</component>
