<?xml version="1.0" encoding="UTF-8"?>
<beans xmlns="http://www.springframework.org/schema/beans"
	xmlns:xsi="http://www.w3.org/2001/XMLSchema-instance"
	xmlns:aop="http://www.springframework.org/schema/aop"
	xmlns:tx="http://www.springframework.org/schema/tx"
	xsi:schemaLocation="http://www.springframework.org/schema/beans http://www.springframework.org/schema/beans/spring-beans-2.0.xsd	   http://www.springframework.org/schema/tx http://www.springframework.org/schema/tx/spring-tx-2.0.xsd	   http://www.springframework.org/schema/aop http://www.springframework.org/schema/aop/spring-aop-2.0.xsd"
	default-autowire="byName" default-dependency-check="none">
	
	<!-- 
	<bean id="canalCommunicationClientDelegate" class="com.alibaba.otter.shared.communication.core.impl.DefaultCommunicationClientImpl" init-method="initial" destroy-method="destory">
		<property name="factory">
			<bean class="com.alibaba.otter.shared.communication.core.impl.connection.CommunicationConnectionPoolFactory" init-method="initial" destroy-method="destory" >
				<property name="factory">
					<bean class="com.alibaba.otter.shared.communication.core.impl.rmi.RmiCommunicationConnectionFactory" />
				</property>
				<property name="maxActive" value="${otter.communication.pool.size}" />
			</bean>
		</property>
	</bean>
	-->
	
	<bean id="canalCommunicationClientDelegate" class="com.alibaba.otter.shared.communication.core.impl.DefaultCommunicationClientImpl" init-method="initial" destroy-method="destory">
		<property name="poolSize" value="${otter.communication.pool.size}" />
		<property name="factory">
			<bean class="com.alibaba.otter.shared.communication.core.impl.dubbo.DubboCommunicationConnectionFactory">
				<property name="payload" value="${otter.communication.payload:8388608}" />
			</bean>
		</property>
	</bean>

	<bean id="canalCommmunicationClient" class="com.alibaba.otter.canal.extend.communication.CanalCommmunicationClient">
		<property name="managerAddress" value="${otter.manager.address}" />
		<property name="delegate" ref="canalCommunicationClientDelegate" />
	</bean>
	
	<bean id="canalConfigClient" class="com.alibaba.otter.canal.extend.communication.CanalConfigClient" >
		<property name="delegate" ref="canalCommmunicationClient" />
	</bean>
</beans>